Player,Title,Link
Novak Djokovic,What makes Novak Djokovic UNBEATABLE...(nearly),https://www.youtube.com/watch?v=kwc9aUEyj1s
Novak Djokovic,Will Djokovic play the 2022 Australian Open? | GTL Tennis Podcast #267,https://www.youtube.com/watch?v=AhycxPNgTrk
Novak Djokovic,"NOVAK DJOKOVIC IS A FLAT EARTHER, ANTI VAXXER, &amp; A HIGHLY CONSCIOUS, INTELLIGENT CRITICAL THINKER!",https://www.youtube.com/watch?v=ZlnLinXw5DY
Novak Djokovic,Australian Open make &#39;clear&#39; Novak Djokovic statement as Serb refuses to copy R@fael Nadal,https://www.youtube.com/watch?v=fo1PiGbCpNM
Novak Djokovic,Novak Djokovic: &quot;We&#39;ll have to wait and see.&quot; |  Still unsure for Australian Open,https://www.youtube.com/watch?v=79NtXeozlJY
Daniil Medvedev,Daniil Medvedev &quot;Zverev can definitely win the Grand Slam...&quot; - 2021 (HD),https://www.youtube.com/watch?v=tx68mNJlcD0
Daniil Medvedev,Alexander Zverev WINS Year End Masters Over Daniil Medvedev!,https://www.youtube.com/watch?v=_nduzt-nCvo
Daniil Medvedev,Alexander Zverev vs Daniil Medvedev Highlights / ATP Finals 2021,https://www.youtube.com/watch?v=yOT79SDK1Cg
Daniil Medvedev,"Alexander Zverev vs Daniil Medvedev: Championship Point, Trophy Lift &amp; Speeches! | Nitto ATP Finals",https://www.youtube.com/watch?v=ZTYS4y_xCFQ
Daniil Medvedev,Daniil Medvedev Faces Alexander Zverev For The Title | Nitto ATP Finals 2021 Highlights Final,https://www.youtube.com/watch?v=0IY-Z8D1N2A
Alexander Zverev,Daniil Medvedev &quot;Zverev can definitely win the Grand Slam...&quot; - 2021 (HD),https://www.youtube.com/watch?v=tx68mNJlcD0
Alexander Zverev,Jimmy Butler PUMPED UP after TOP TENNIS PLAYER Alexander Zverev WINS the Nitto ATP FINALS ‚Äúkiss it‚Äù,https://www.youtube.com/watch?v=w2cSmAHl7Uk
Alexander Zverev,Alexander Zverev WINS Year End Masters Over Daniil Medvedev!,https://www.youtube.com/watch?v=_nduzt-nCvo
Alexander Zverev,Tennis : Alexander Zverev redevient le ma√Ætre,https://www.youtube.com/watch?v=UyVrgqQewng
Alexander Zverev,Alexander Zverev||Turin Champion||ATP||November 22 2021,https://www.youtube.com/watch?v=XA25Yuqmhik
Stefanos Tsitsipas,YOU WILL NOTüò±BELIEVE like Stefanosüò±Tsitsipas is in SLOW MOTION | Stefanos Tsitsipas in Slow MotionüëÜüèª,https://www.youtube.com/watch?v=JQvivBY5ZR4
Stefanos Tsitsipas,TENNIS WORLD TOUR 2 | Stefanos TSITSIPAS vs Alexander ZVEREV | PS5 Gameplay Espa√±ol,https://www.youtube.com/watch?v=Dy1Oep5hd9s
Stefanos Tsitsipas,Patrick Mouratoglouüò±REVEALSüò±his Stefanos Tsitsipas secret | Patrick Mouratoglou&#39;s video youüò±must see,https://www.youtube.com/watch?v=QKpGCv56W9E
Stefanos Tsitsipas,Stefanos Tsitsipas Withdraws From 2021 Nitto ATP Finals,https://www.youtube.com/watch?v=oTuA5z2g8Tg
Stefanos Tsitsipas,&quot;I&#39;m Heartbroken&quot;: Stefanos Tsitsipas Withdraws From The 2021 Nitto ATP Finals,https://www.youtube.com/watch?v=mWMcR76jnew
Andrey Rublev,Andrey Rublev: &quot;I love tennis with all my heart and I want to reach my limits.&quot;,https://www.youtube.com/watch?v=x7YBjrOaltw
Andrey Rublev,Tennis Hard Court Drama 2021 | Part 08 | Defaulted for Hitting the Umpire&#39;s Bum,https://www.youtube.com/watch?v=sLMVZhQ4qTQ
Andrey Rublev,RUUD DERROTA RUBLEV E VAI DISPUTAR A SEMIFINAL DO ATP FINALS COM MEDVEDEV,https://www.youtube.com/watch?v=AZNMd26umOo
Andrey Rublev,Tennis Channel Live: Rublev‚Äôs Season Recap,https://www.youtube.com/watch?v=cN33rrvCzW4
Andrey Rublev,üëÄüéæ&quot;RUUD vs RUBLEV&quot; üëåTIE-BREAK FINAL (completo) üéæATP Final Nitto 2021,https://www.youtube.com/watch?v=VtG0_rrtKxI
Rafael Nadal,"Rafael Nadal hits ball girl in head with shot, apologizes with kiss",https://www.youtube.com/watch?v=hgito-_O__A
Rafael Nadal,Rafael Nadal vs Roger Federer | World Tour Finals 2011 RR | Condensed Match,https://www.youtube.com/watch?v=PmtqVLiGRNo
Rafael Nadal,Rafael Nadal shares Peng Shuai concerns as Wimbledon issue statement on missing player,https://www.youtube.com/watch?v=YaUG3Pdhrhs
Rafael Nadal,First win for @rafaelnadal ü•≥ü§©üíú #tennis #rafaelnadal #nadal 04-21 @bcnopenbs,https://www.youtube.com/watch?v=RX36SJdcb1I
Rafael Nadal,PS3 Top Spin 4 Roger FEDERER vs Rafael NADAL (Expert Level),https://www.youtube.com/watch?v=w2dircV_jCE
Matteo Berrettini,Medvedev D. ATP : 2. vs Berrettini M. ATP : 7. Tennis Finals - Turin (World),https://www.youtube.com/watch?v=evREYfh-iF8
Matteo Berrettini,Jannik Sinner hails idol Matteo Berrettini after posting first win at Italian a speedy recovery,https://www.youtube.com/watch?v=n4kwJ1__s3M
Matteo Berrettini,Il roboante esordio di Jannik #Sinner alle #ATPFinals,https://www.youtube.com/watch?v=9V7xB9qz82o
Matteo Berrettini,"Atp Finals, Sinner dopo il debutto vincente: &quot;Sono felicissimo, tifo incredibile&quot;",https://www.youtube.com/watch?v=XLvpb1bztG0
Matteo Berrettini,Jannik Sinner First Historic Win at #NittoATPFinals - (dedicazione to Berrettini) 16.11.2021,https://www.youtube.com/watch?v=lJpp5KDe2lM
Casper Ruud,MEDVEDEV BATE RUUD E VAI √Ä FINAL DE TURIM,https://www.youtube.com/watch?v=XtaFOkFNWJE
Casper Ruud,Medvedev - Ruud // ATP Finals 2021 Semi-finals // Medvedev Proudly Advances To The ATP Finals .,https://www.youtube.com/watch?v=p6_ynhQdLI0
Casper Ruud,üéæLIVE MEDVEDEV vs RUUD | Nitto ATP Finals 2021 Turin | LIVE Tennis Play-by-Play Stream | Semi Final,https://www.youtube.com/watch?v=EM3GUbKQXPo
Casper Ruud,üá∑üá∫ Medvedev vs Ruud üá∏üáØ - Semifinal üö®EN VIVOüö® | ATP Finals 2021üéæ LIVE MATCHüî•,https://www.youtube.com/watch?v=DA-6YUEDj1k
Casper Ruud,Daniil Medvedev vs Casper Ruud Nitto ATP Finals Semi Finals,https://www.youtube.com/watch?v=bUwl6nJPdYE
Hubert Hurkacz,Kim jest Hubert Hurkacz?,https://www.youtube.com/watch?v=4iUzXmvKy9w
Hubert Hurkacz,Hubert Hurckacz - practice - ATP Finals 2021 - Torino,https://www.youtube.com/watch?v=2g6cIPVfJpE
Hubert Hurkacz,"Atp Finals 2021 - Jannik Sinner, Hubert Hurkacz Serve Super Slow Motion Compare #shorts",https://www.youtube.com/watch?v=iO2GApFi_IM
Hubert Hurkacz,Alexander Zverev vs Hubert Hurkacz | 2021 Nitto ATP Finals Red Group Post Match Analysis Vikas Kohli,https://www.youtube.com/watch?v=9W6o26hmqWg
Hubert Hurkacz,Tennis Zverev makes ATP Finals l@st four after seeing off Hurkacz,https://www.youtube.com/watch?v=sUdqPCGfr2k
Felix Auger-Aliassime,F√©lix Auger-Aliassime Serve Volley Rolex Paris Masters 2021,https://www.youtube.com/watch?v=Gb7fAWBoJH8
Felix Auger-Aliassime,Felix Auger-Aliassime vs Roberto Bautista Agut Full Match | 2021 US Open Round 3,https://www.youtube.com/watch?v=g0bX16ADU3A
Felix Auger-Aliassime,Dennis Shapovalov + Felix Auger-Aliassime Talk 2021 Season | THE SLICE,https://www.youtube.com/watch?v=9cNvbZgXvBA
Felix Auger-Aliassime,‚òπÔ∏èAUGER ALIASSIME y SHAPOVALOV se bajan y dejan a CANAD√Å DESNUDA en las #DavisCupFinals,https://www.youtube.com/watch?v=YYhIW_qvKzM
Felix Auger-Aliassime,Shapovalov vs Auger-Aliassime; Tiafoe vs Paul | Stockholm 2021 Semi-Final Highlights,https://www.youtube.com/watch?v=iImx8NyZChk
